{
  "image_width": 3840,
  "image_height": 2160,
  "K_orig": [
    [
      985.9158523711743,
      0.0,
      1942.693321901192
    ],
    [
      0.0,
      984.0743564873627,
      1060.5151342228376
    ],
    [
      0.0,
      0.0,
      1.0
    ]
  ],
  "K": [
    [
      985.9158523711743,
      0.0,
      1942.693321901192
    ],
    [
      0.0,
      984.0743564873627,
      1060.5151342228376
    ],
    [
      0.0,
      0.0,
      1.0
    ]
  ],
  "D": [
    -0.006371828738534255,
    -0.01488549799475903,
    0.00430949362317444,
    -0.0008031514796116626
  ],
  "rms": 1.396355081067994,
  "balance": 0.0
}