{
  "image_width": 3840,
  "image_height": 2160,
  "K": [
    [
      1004,
      0.0,
      1893
    ],
    [
      0.0,
      985,
      1123
    ],
    [
      0.0,
      0.0,
      1.0
    ]
  ],
  "D": [
    -0.018266026469612583,
    -0.002166691434675552,
    -0.0023374467934890067,
    0.00035208953282707525
  ],
  "rms": 1.240633445890731
}
