{
  "image_width": 3840,
  "image_height": 2160,
  "K": [
    [
      1033.4572065455839,
      0.0,
      2005.7430633915358
    ],
    [
      0.0,
      1038.0477115806425,
      1027.5049346230678
    ],
    [
      0.0,
      0.0,
      1.0
    ]
  ],
  "D": [
    -0.00541744119248268,
    -0.044135619933675325,
    0.030237467539183424,
    -0.0069405337748898325
  ],
  "rms": 1.955620489020072
}