{
  "image_width": 3840,
  "image_height": 2160,
  "K": [
    [
      996.0877118488123,
      0.0,
      2005.6856133972508
    ],
    [
      0.0,
      999.1859860456016,
      1015.8383451639342
    ],
    [
      0.0,
      0.0,
      1.0
    ]
  ],
  "D": [
    -0.015102536098292417,
    -0.006493662517488639,
    0.0016768931495531074,
    -0.0005797450172025133
  ],
  "rms": 1.3143801295602542
}