{
  "image_width": 3840,
  "image_height": 2160,
  "K": [
    [
      1029.7853466133577,
      0.0,
      1920.0717079527162
    ],
    [
      0.0,
      1032.0377094730893,
      990.9188964454327
    ],
    [
      0.0,
      0.0,
      1.0
    ]
  ],
  "D": [
    -0.025783900639813197,
    -0.012299576270878286,
    0.0092670397653321,
    -0.002829171662849142
  ],
  "rms": 1.6481513480538765
}