{
  "image_width": 3840,
  "image_height": 2160,
  "K_orig": [
    [
      1013.0695130529452,
      0.0,
      1938.9214906359632
    ],
    [
      0.0,
      1015.296499095655,
      990.2620926180338
    ],
    [
      0.0,
      0.0,
      1.0
    ]
  ],
  "K": [
    [
      1013.0695130529452,
      0.0,
      1938.9214906359632
    ],
    [
      0.0,
      1015.296499095655,
      990.2620926180338
    ],
    [
      0.0,
      0.0,
      1.0
    ]
  ],
  "D": [
    -0.026641114337017407,
    0.005667871456119834,
    -0.0062844281001201594,
    0.0010031693677410598
  ],
  "rms": 2.29740625690836,
  "balance": 0.0
}