{
  "image_width": 3840,
  "image_height": 2160,
  "K": [
    [
      972.8694225650347,
      0.0,
      1901.4373044559975
    ],
    [
      0.0,
      974.1408743875106,
      865.095906978945
    ],
    [
      0.0,
      0.0,
      1.0
    ]
  ],
  "D": [
    0.012747591725198794,
    -0.03687038427661299,
    0.01790850369974202,
    -0.0036975131599423575
  ],
  "rms": 1.446414789645718
}