{
  "image_width": 3840,
  "image_height": 2160,
  "K_orig": [
    [
      1014.6423204960273,
      0.0,
      2088.8957713659565
    ],
    [
      0.0,
      1017.0933473442391,
      1206.1773455729667
    ],
    [
      0.0,
      0.0,
      1.0
    ]
  ],
  "K": [
    [
      1014.6423204960273,
      0.0,
      2088.8957713659565
    ],
    [
      0.0,
      1017.0933473442391,
      1206.1773455729667
    ],
    [
      0.0,
      0.0,
      1.0
    ]
  ],
  "D": [
    -0.027991820097178946,
    0.01565885079585704,
    -0.012345917610267607,
    0.002699253273580636
  ],
  "rms": 2.779248659477549,
  "balance": 0.0
}