{
  "image_width": 3840,
  "image_height": 2160,
  "K_orig": [
    [
        982,
      0.0,
      1794
    ],
    [
      0.0,
        979,
      114
    ],
    [
      0.0,
      0.0,
      1.0
    ]
  ],
  "K": [
    [
        982,
      0.0,
      1794
    ],
    [
      0.0,
        979,
      114
    ],
    [
      0.0,
      0.0,
      1.0
    ]
  ],
  "D": [
    -0.032350694989061235,
    0.03375292819805172,
    -0.02230340904479749,
    0.003678238705325749
  ],
  "rms": 4.264834053682764,
  "balance": 0.0
}
