{
  "image_width": 3840,
  "image_height": 2160,
  "K_orig": [
    [
      1048.7944833330882,
      0.0,
      1949.5110284460854
    ],
    [
      0.0,
      1056.2942355013197,
      1087.9210130950457
    ],
    [
      0.0,
      0.0,
      1.0
    ]
  ],
  "K": [
    [
      1048.7944833330882,
      0.0,
      1949.5110284460854
    ],
    [
      0.0,
      1056.2942355013197,
      1087.9210130950457
    ],
    [
      0.0,
      0.0,
      1.0
    ]
  ],
  "D": [
    -0.032350694989061235,
    0.03375292819805172,
    -0.02230340904479749,
    0.003678238705325749
  ],
  "rms": 4.264834053682764,
  "balance": 0.0
}