{
  "image_width": 3840,
  "image_height": 2160,
  "K": [
    [
      996.2467598631858,
      0.0,
      1906.4092667549137
    ],
    [
      0.0,
      997.9257064602667,
      1094.8932162805156
    ],
    [
      0.0,
      0.0,
      1.0
    ]
  ],
  "D": [
    -0.006749460938065515,
    -0.021539039570682133,
    0.01100470286867961,
    -0.003191857286296535
  ],
  "rms": 2.2182943052227335
}