{
  "image_width": 3840,
  "image_height": 2160,
  "K": [
    [
      1005.9107619061504,
      0.0,
      1892.9128715749414
    ],
    [
      0.0,
      1007.7813629516482,
      899.3870684800532
    ],
    [
      0.0,
      0.0,
      1.0
    ]
  ],
  "D": [
    -0.02324303910227823,
    -0.0008970143570078413,
    0.0001742248754578719,
    -0.0005438130748870032
  ],
  "rms": 1.0820318751543323
}