{
  "image_width": 3840,
  "image_height": 2160,
  "K_orig": [
    [
      982.1540811041152,
      0.0,
      1863.215018443861
    ],
    [
      0.0,
      985.2925403244733,
      1029.0292325626174
    ],
    [
      0.0,
      0.0,
      1.0
    ]
  ],
  "K": [
    [
      982.1540811041152,
      0.0,
      1863.215018443861
    ],
    [
      0.0,
      985.2925403244733,
      1029.0292325626174
    ],
    [
      0.0,
      0.0,
      1.0
    ]
  ],
  "D": [
    -0.012468098284793002,
    -0.006576353924611764,
    0.0029295630842330342,
    -0.0010528508933963438
  ],
  "rms": 1.8764091208123381,
  "balance": 0.0
}