{
  "image_width": 3840,
  "image_height": 2160,
  "K": [
    [
      999.9079005169808,
      0.0,
      1996.7074055448072
    ],
    [
      0.0,
      1002.980387820353,
      1025.446735269569
    ],
    [
      0.0,
      0.0,
      1.0
    ]
  ],
  "D": [
    -0.027655413815710416,
    0.0076908323237953055,
    -0.005730611362002734,
    0.0007873505383693528
  ],
  "rms": 0.9861989810309629
}