{
  "image_width": 3840,
  "image_height": 2160,
  "K": [
    [
      1047.5463915750402,
      0.0,
      1987.6104128074942
    ],
    [
      0.0,
      1050.8863213945967,
      1095.6710152888406
    ],
    [
      0.0,
      0.0,
      1.0
    ]
  ],
  "D": [
    -0.01778819169637765,
    -0.017270680968504037,
    0.008704347431681142,
    -0.0018459440272371012
  ],
  "rms": 2.827084536001479
}