{
  "image_width": 3840,
  "image_height": 2160,
  "K": [
    [
      1011.5079996808897,
      0.0,
      1899.3520459935569
    ],
    [
      0.0,
      1013.6640053026315,
      876.2106889846347
    ],
    [
      0.0,
      0.0,
      1.0
    ]
  ],
  "D": [
    -0.02572822379688138,
    0.005207852239637284,
    -0.005470681388022892,
    0.000927906831420958
  ],
  "rms": 1.6177896247944608
}