{
  "image_width": 3840,
  "image_height": 2160,
  "K": [
    [
      905.8121687269623,
      0.0,
      2087.7498792630104
    ],
    [
      0.0,
      908.9122812160789,
      1178.795301558238
    ],
    [
      0.0,
      0.0,
      1.0
    ]
  ],
  "D": [
    0.026152650290047305,
    -0.02342783180188051,
    0.006847292835739416,
    -0.0021280594522340183
  ],
  "rms": 1.8443219956711503
}