{
  "image_width": 3840,
  "image_height": 2160,
  "K": [
    [
      1050.5063487182954,
      0.0,
      1982.1665102905117
    ],
    [
      0.0,
      1056.1047229588671,
      1190.7566066278284
    ],
    [
      0.0,
      0.0,
      1.0
    ]
  ],
  "D": [
    -0.029282584803766002,
    0.002339506062757504,
    -0.005246496132425964,
    0.0011851883687726327
  ],
  "rms": 2.9404638333284563
}