{
  "image_width": 3840,
  "image_height": 2160,
  "K": [
    [
      1038.709228387704,
      0.0,
      1958.8790852746677
    ],
    [
      0.0,
      1041.875599589135,
      1081.248029662668
    ],
    [
      0.0,
      0.0,
      1.0
    ]
  ],
  "D": [
    -0.020644248974161034,
    -0.014944619176962786,
    0.007447182187568387,
    -0.0018560220737241801
  ],
  "rms": 2.1693625165707413
}