{
  "image_width": 3840,
  "image_height": 2160,
  "K_orig": [
    [
      956.1869504336524,
      0.0,
      2057.3214806290302
    ],
    [
      0.0,
      959.3484291236279,
      1162.900024629029
    ],
    [
      0.0,
      0.0,
      1.0
    ]
  ],
  "K": [
    [
      956.1869504336524,
      0.0,
      2057.3214806290302
    ],
    [
      0.0,
      959.3484291236279,
      1162.900024629029
    ],
    [
      0.0,
      0.0,
      1.0
    ]
  ],
  "D": [
    -0.012909715845875363,
    0.013533624901337693,
    -0.013797574664250863,
    0.0029087349458949956
  ],
  "rms": 1.2603562647522009,
  "balance": 0.0
}