{
  "image_width": 3840,
  "image_height": 2160,
  "K": [
    [
      974.4995937884033,
      0.0,
      1939.061713052608
    ],
    [
      0.0,
      977.7383452079224,
      959.8322689721844
    ],
    [
      0.0,
      0.0,
      1.0
    ]
  ],
  "D": [
    -0.010274467075394178,
    -0.0014845025095548778,
    -0.012175097554758912,
    0.0071510193629000535
  ],
  "rms": 1.4529245345689032
}