{
  "image_width": 3840,
  "image_height": 2160,
  "K": [
    [
      1006.2871438188123,
      0.0,
      1945.538959415215
    ],
    [
      0.0,
      1010.2147104973916,
      1001.0430612284753
    ],
    [
      0.0,
      0.0,
      1.0
    ]
  ],
  "D": [
    -0.03425737305148971,
    0.022511322307730796,
    -0.016220768563103068,
    0.0032406406775517746
  ],
  "rms": 2.1898729816349163
}