{
  "image_width": 3840,
  "image_height": 2160,
  "K_orig": [
    [
      996.1492566396747,
      0.0,
      1878.599212009332
    ],
    [
      0.0,
      995.8454084958431,
      1102.224078318298
    ],
    [
      0.0,
      0.0,
      1.0
    ]
  ],
  "K": [
    [
      996.1492566396747,
      0.0,
      1878.599212009332
    ],
    [
      0.0,
      995.8454084958431,
      1102.224078318298
    ],
    [
      0.0,
      0.0,
      1.0
    ]
  ],
  "D": [
    -0.01576405827309976,
    -0.0055478809826013595,
    0.0007777320409111837,
    -0.00041679621779046723
  ],
  "rms": 1.3668465357572652,
  "balance": 0.0
}