{
  "image_width": 3840,
  "image_height": 2160,
  "K": [
    [
      876,
      0.0,
      1939
    ],
    [
      0.0,
      898,
      1174
    ],
    [
      0.0,
      0.0,
      1.0
    ]
  ],
  "D": [
    -0.018266026469612583,
    -0.002166691434675552,
    -0.0023374467934890067,
    0.00035208953282707525
  ],
  "rms": 1.240633445890731
}
