{
  "image_width": 3840,
  "image_height": 2160,
  "K": [
    [
      996.3978850887383,
      0.0,
      1967.6270337931394
    ],
    [
      0.0,
      998.5285993875657,
      1034.4850453914523
    ],
    [
      0.0,
      0.0,
      1.0
    ]
  ],
  "D": [
    -0.017224979691215496,
    -0.00435685989678464,
    0.0016927276622494183,
    -0.0009351832337197482
  ],
  "rms": 1.689482672174357
}