{
  "image_width": 3840,
  "image_height": 2160,
  "K": [
    [
      990.8664886661321,
      0.0,
      2020.4993383762499
    ],
    [
      0.0,
      992.7916477847061,
      1257.4676495353237
    ],
    [
      0.0,
      0.0,
      1.0
    ]
  ],
  "D": [
    -0.025709263791084628,
    0.011714197866739178,
    -0.009562287596180698,
    0.0018290743124200935
  ],
  "rms": 1.3522597194385892
}