{
  "image_width": 3840,
  "image_height": 2160,
  "K_orig": [
    [
      1021.3988903324382,
      0.0,
      1935.4532984605794
    ],
    [
      0.0,
      1024.0558748375354,
      1064.975193602738
    ],
    [
      0.0,
      0.0,
      1.0
    ]
  ],
  "K": [
    [
      1021.3988903324382,
      0.0,
      1935.4532984605794
    ],
    [
      0.0,
      1024.0558748375354,
      1064.975193602738
    ],
    [
      0.0,
      0.0,
      1.0
    ]
  ],
  "D": [
    -0.01410217048164731,
    -0.00895107675304098,
    0.00036897896589178794,
    0.00014036080148488377
  ],
  "rms": 3.399691427827225,
  "balance": 0.0
}