{
  "image_width": 3840,
  "image_height": 2160,
  "K_orig": [
    [
      1020.98407967853,
      0.0,
      2070.424288936275
    ],
    [
      0.0,
      1026.1214535916413,
      1148.4298305984998
    ],
    [
      0.0,
      0.0,
      1.0
    ]
  ],
  "K": [
    [
      1020.98407967853,
      0.0,
      2070.424288936275
    ],
    [
      0.0,
      1026.1214535916413,
      1148.4298305984998
    ],
    [
      0.0,
      0.0,
      1.0
    ]
  ],
  "D": [
    -0.015176933220082539,
    -0.013194841449101801,
    0.005081624297661193,
    -0.0012228182624005343
  ],
  "rms": 2.1895075351411157,
  "balance": 0.0
}