{
  "image_width": 1920,
  "image_height": 1080,
  "K": [
    [
      489.8364868778566,
      0.0,
      988.9948092009182
    ],
    [
      0.0,
      490.98133030191633,
      604.4489381960261
    ],
    [
      0.0,
      0.0,
      1.0
    ]
  ],
  "D": [
    -0.0265223073712094,
    0.017595971031226953,
    -0.014109848581151056,
    0.0027738685705249594
  ],
  "rms": 1.557449199335606
}